,Week,Day,Date,Unnamed: 5,Opp,Tm,Opp.1,1stD,TotYd,PassY,RushY,TO,1stD.1,TotYd.1,PassY.1,RushY.1,TO.1,Offense,Defense,Sp. Tms,Home_team
0,1,Sun,13-Sep,L,Arizona Cardinals,20,24,18,366,243,123,,29,404,224,180,1,3.88,-6.46,0.46,San Francisco 49ers
1,2,Sun,20-Sep,W,New York Jets,31,13,17,359,177,182,1,17,277,173,104,,11.4,4.92,0.86,San Francisco 49ers
2,3,Sun,27-Sep,W,New York Giants,36,9,29,420,327,93,,13,231,165,66,3,18.53,10.86,-8.05,San Francisco 49ers
3,4,Sun,4-Oct,L,Philadelphia Eagles,20,25,25,417,301,116,3,18,267,174,93,1,0.02,-0.66,-3.75,San Francisco 49ers
4,5,Sun,11-Oct,L,Miami Dolphins,17,43,19,259,128,131,3,22,436,342,94,,-9.48,-19.36,-0.03,San Francisco 49ers
5,6,Sun,18-Oct,W,Los Angeles Rams,24,16,24,390,268,122,,17,311,198,113,1,12.69,-2.05,-2.53,San Francisco 49ers
6,7,Sun,25-Oct,W,New England Patriots,33,6,26,467,270,197,2,17,241,147,94,4,22.44,9.49,-6.55,San Francisco 49ers
7,8,Sun,1-Nov,L,Seattle Seahawks,27,37,24,351,299,52,2,27,350,249,101,,14.29,-17.9,-8.73,San Francisco 49ers
8,9,Thu,5-Nov,L,Green Bay Packers,17,34,17,337,282,55,2,21,405,294,111,,0.24,-19.59,3.72,San Francisco 49ers
9,10,Sun,15-Nov,L,New Orleans Saints,13,27,21,281,232,49,4,17,237,123,114,2,-8.03,2.66,-6.47,San Francisco 49ers
10,11,,,,Bye Week,,,,,,,,,,,,,,,,San Francisco 49ers
11,12,Sun,29-Nov,W,Los Angeles Rams,23,20,18,345,233,112,3,14,308,182,126,4,-14.81,19.57,-2.68,San Francisco 49ers
12,13,Mon,7-Dec,L,Buffalo Bills,24,34,24,402,316,86,2,31,449,368,81,1,6.59,-18.14,-0.36,San Francisco 49ers
13,14,Sun,13-Dec,L,Washington Football Team,15,23,21,344,236,108,3,12,193,95,98,1,-25.61,19.42,-0.12,San Francisco 49ers
14,15,Sun,20-Dec,L,Dallas Cowboys,33,41,28,458,308,150,4,15,291,204,87,,11.28,-4.47,-12.91,San Francisco 49ers
15,16,Sat,26-Dec,W,Arizona Cardinals,20,12,22,398,171,227,1,20,350,230,120,2,9.69,10.15,-10.68,San Francisco 49ers
16,17,Sun,3-Jan,L,Seattle Seahawks,23,26,17,328,242,86,1,21,280,159,121,,2.58,-5.26,-0.32,San Francisco 49ers
17,1,Sun,13-Sep,W,Detroit Lions,27,23,26,363,214,149,,25,426,288,138,1,10.67,-7.96,0.12,Chicago Bears
18,2,Sun,20-Sep,W,New York Giants,17,13,18,304,169,135,2,22,295,220,75,2,3.42,-0.28,-3.92,Chicago Bears
19,3,Sun,27-Sep,W,Atlanta Falcons,30,26,24,437,307,130,2,22,371,227,144,1,2.87,-5.82,5.24,Chicago Bears
20,4,Sun,4-Oct,L,Indianapolis Colts,11,19,16,269,241,28,1,18,289,186,103,,-1.13,-2.28,-7.13,Chicago Bears
21,5,Thu,8-Oct,W,Tampa Bay Buccaneers,20,19,18,243,208,35,1,18,339,233,106,1,-0.67,3.3,1.05,Chicago Bears
22,6,Sun,18-Oct,W,Carolina Panthers,23,16,22,261,198,63,1,23,303,191,112,3,1.01,3.15,2.23,Chicago Bears
23,7,Mon,26-Oct,L,Los Angeles Rams,10,24,14,279,230,49,2,24,371,211,160,1,-17.34,-3.2,5.7,Chicago Bears
24,8,Sun,1-Nov,L,New Orleans Saints,23,26,18,329,233,96,1,23,394,272,122,,0.1,-6.13,4.3,Chicago Bears
25,9,Sun,8-Nov,L,Tennessee Titans,17,24,22,375,319,56,2,11,228,136,92,,-12.79,3.34,1.5,Chicago Bears
26,10,Mon,16-Nov,L,Minnesota Vikings,13,19,10,149,108,41,2,19,385,286,99,2,-18.69,3.86,8.08,Chicago Bears
27,11,,,,Bye Week,,,,,,,,,,,,,,,,Chicago Bears
28,12,Sun,29-Nov,L,Green Bay Packers,25,41,26,350,229,121,3,28,393,211,182,,6.85,-27.57,-0.48,Chicago Bears
29,13,Sun,6-Dec,L,Detroit Lions,30,34,26,389,249,140,1,24,460,400,60,1,12.1,-17.66,0.8,Chicago Bears
30,14,Sun,13-Dec,W,Houston Texans,36,7,23,410,241,169,,17,263,155,108,2,16.71,8.67,2.22,Chicago Bears
31,15,Sun,20-Dec,W,Minnesota Vikings,33,27,23,397,198,199,1,26,407,249,158,1,14.23,-11.76,4,Chicago Bears
32,16,Sun,27-Dec,W,Jacksonville Jaguars,41,17,28,391,263,128,1,14,279,203,76,2,20.23,4.85,-2.73,Chicago Bears
33,17,Sun,3-Jan,L,Green Bay Packers,16,35,21,356,248,108,2,17,316,237,79,1,4.91,-22.83,3.56,Chicago Bears
34,,,Playoffs,,,,,,,,,,,,,,,,,,Chicago Bears
35,Wild Card,Sun,10-Jan,L,New Orleans Saints,9,21,11,239,191,48,,27,385,262,123,1,-7.56,-11.98,9.21,Chicago Bears
36,1,Sun,13-Sep,L,Los Angeles Chargers,13,16,19,295,173,122,2,19,362,207,155,,-8.27,2.07,3.54,Cincinnati Bengals
37,2,Thu,17-Sep,L,Cleveland Browns,30,35,30,353,285,68,1,23,434,219,215,1,11.19,-19.62,1.79,Cincinnati Bengals
38,3,Sun,27-Sep,T,Philadelphia Eagles,23,23,24,304,256,48,,27,378,206,172,2,-0.48,-1.65,1.44,Cincinnati Bengals
39,4,Sun,4-Oct,W,Jacksonville Jaguars,33,25,28,505,300,205,1,25,429,340,89,1,19.25,-13.22,4.81,Cincinnati Bengals
40,5,Sun,11-Oct,L,Baltimore Ravens,3,27,12,205,135,70,3,17,332,171,161,1,-28.69,-2.28,3.99,Cincinnati Bengals
41,6,Sun,18-Oct,L,Indianapolis Colts,27,31,22,398,300,98,1,23,430,371,59,2,12.35,-16,-0.22,Cincinnati Bengals
42,7,Sun,25-Oct,L,Cleveland Browns,34,37,31,468,387,81,2,23,398,316,82,1,22.02,-25.11,1.35,Cincinnati Bengals
43,8,Sun,1-Nov,W,Tennessee Titans,31,20,27,367,249,118,,27,441,223,218,1,23.57,-19.91,5.56,Cincinnati Bengals
44,9,,,,Bye Week,,,,,,,,,,,,,,,,Cincinnati Bengals
45,10,Sun,15-Nov,L,Pittsburgh Steelers,10,36,16,324,185,139,2,22,377,333,44,,-10.97,-7.92,0.05,Cincinnati Bengals
46,11,Sun,22-Nov,L,Washington Football Team,9,20,18,272,202,70,2,20,325,161,164,1,-11.45,0.93,0.86,Cincinnati Bengals
47,12,Sun,29-Nov,L,New York Giants,17,19,11,155,115,40,3,19,386,244,142,1,-18.51,2.23,12.92,Cincinnati Bengals
48,13,Sun,6-Dec,L,Miami Dolphins,7,19,12,196,156,40,2,23,406,296,110,1,-7.2,-5.94,1.67,Cincinnati Bengals
49,14,Sun,13-Dec,L,Dallas Cowboys,7,30,18,309,208,101,3,16,272,171,101,,-14.89,-8.06,-0.7,Cincinnati Bengals
50,15,Mon,21-Dec,W,Pittsburgh Steelers,27,17,13,230,78,152,,12,244,158,86,3,-3.71,17.2,-4.31,Cincinnati Bengals
51,16,Sun,27-Dec,W,Houston Texans,37,31,27,540,371,169,,23,488,322,166,1,25.27,-20.31,-2.34,Cincinnati Bengals
52,17,Sun,3-Jan,L,Baltimore Ravens,3,38,10,195,48,147,2,24,525,121,404,1,-14.61,-24.61,7.13,Cincinnati Bengals
53,1,Mon,14-Sep,L,Tennessee Titans,14,16,19,323,216,107,1,26,377,247,130,,3.03,-12.3,11.9,Denver Broncos
54,2,Sun,20-Sep,L,Pittsburgh Steelers,21,26,23,319,215,104,2,19,410,301,109,2,-6.02,0.36,-3.9,Denver Broncos
55,3,Sun,27-Sep,L,Tampa Bay Buccaneers,10,28,13,226,184,42,2,17,353,285,68,,-10.72,-7.71,-0.99,Denver Broncos
56,4,Thu,1-Oct,W,New York Jets,37,28,21,359,242,117,3,18,321,192,129,,7.81,6.47,-0.72,Denver Broncos
57,5,,,,Bye Week,,,,,,,,,,,,,,,,Denver Broncos
58,6,Sun,18-Oct,W,New England Patriots,18,12,15,299,164,135,2,14,288,171,117,3,-6.67,13.3,-1.59,Denver Broncos
59,7,Sun,25-Oct,L,Kansas City Chiefs,16,43,24,411,234,177,4,17,286,185,101,1,-15.83,-3.75,-6.31,Denver Broncos
60,8,Sun,1-Nov,W,Los Angeles Chargers,31,30,17,351,243,108,1,28,485,275,210,2,8.64,-9.03,1.18,Denver Broncos
61,9,Sun,8-Nov,L,Atlanta Falcons,27,34,23,405,302,103,1,23,363,271,92,1,4.44,-14.27,-0.15,Denver Broncos
62,10,Sun,15-Nov,L,Las Vegas Raiders,12,37,20,313,247,66,5,21,357,154,203,,-17.38,-10.76,3.35,Denver Broncos
63,11,Sun,22-Nov,W,Miami Dolphins,20,13,19,459,270,189,2,17,223,167,56,1,9.2,6.76,-4.92,Denver Broncos
64,12,Sun,29-Nov,L,New Orleans Saints,3,31,6,112,12,100,3,19,292,63,229,1,-26.81,-4.99,4.76,Denver Broncos
65,13,Sun,6-Dec,L,Kansas City Chiefs,16,22,19,330,151,179,2,25,447,313,134,,6.11,-14.55,-0.21,Denver Broncos
66,14,Sun,13-Dec,W,Carolina Panthers,32,27,23,365,269,96,1,22,370,245,125,,8.51,-7.47,5.3,Denver Broncos
67,15,Sat,19-Dec,L,Buffalo Bills,19,48,19,255,115,140,1,29,534,352,182,1,-3.55,-28.8,0.71,Denver Broncos
68,16,Sun,27-Dec,L,Los Angeles Chargers,16,19,23,396,263,133,2,16,316,227,89,,4.25,-1.63,-4.44,Denver Broncos
69,17,Sun,3-Jan,L,Las Vegas Raiders,31,32,24,446,324,122,,22,465,359,106,4,13.17,-4.45,-8.91,Denver Broncos
70,1,Sun,13-Sep,L,Baltimore Ravens,6,38,20,306,168,138,3,23,381,270,111,1,-8.32,-16.62,-8.64,Cleveland Browns
71,2,Thu,17-Sep,W,Cincinnati Bengals,35,30,23,434,219,215,1,30,353,285,68,1,19.62,-11.19,-1.79,Cleveland Browns
72,3,Sun,27-Sep,W,Washington Football Team,34,20,19,300,142,158,,19,309,206,103,5,8.28,4.68,1.14,Cleveland Browns
73,4,Sun,4-Oct,W,Dallas Cowboys,49,38,33,508,201,307,,35,566,481,85,3,29.43,-19.85,1.81,Cleveland Browns
74,5,Sun,11-Oct,W,Indianapolis Colts,32,23,22,385,261,124,2,15,308,240,68,2,9.88,2.46,-4.93,Cleveland Browns
75,6,Sun,18-Oct,L,Pittsburgh Steelers,7,38,12,220,145,75,2,18,277,148,129,,-22.96,-6.99,-0.58,Cleveland Browns
76,7,Sun,25-Oct,W,Cincinnati Bengals,37,34,23,398,316,82,1,31,468,387,81,2,25.11,-22.02,-1.35,Cleveland Browns
77,8,Sun,1-Nov,L,Las Vegas Raiders,6,16,14,223,122,101,1,24,309,100,209,,-0.65,-13.68,2.42,Cleveland Browns
78,9,,,,Bye Week,,,,,,,,,,,,,,,,Cleveland Browns
79,10,Sun,15-Nov,W,Houston Texans,10,7,20,356,125,231,,16,243,153,90,,5.49,0.68,2.92,Cleveland Browns
80,11,Sun,22-Nov,W,Philadelphia Eagles,22,17,17,324,187,137,1,19,315,209,106,3,-4.43,10.55,1.99,Cleveland Browns
81,12,Sun,29-Nov,W,Jacksonville Jaguars,27,25,25,459,252,207,1,22,375,235,140,,15.17,-11.93,-2.43,Cleveland Browns
82,13,Sun,6-Dec,W,Tennessee Titans,41,35,26,458,340,118,1,25,431,369,62,3,16.85,-9.59,1.78,Cleveland Browns
83,14,Mon,14-Dec,L,Baltimore Ravens,42,47,33,493,355,138,1,25,385,154,231,,23.63,-24.92,-5.17,Cleveland Browns
84,15,Sun,20-Dec,W,New York Giants,20,6,24,392,286,106,,14,288,214,74,,16.29,-0.85,-1.67,Cleveland Browns
85,16,Sun,27-Dec,L,New York Jets,16,23,23,299,254,45,2,18,333,202,131,,-5.93,-0.77,4.45,Cleveland Browns
86,17,Sun,3-Jan,W,Pittsburgh Steelers,24,22,21,358,166,192,,18,394,309,85,1,12.89,-7.05,0.33,Cleveland Browns
87,,,Playoffs,,,,,,,,,,,,,,,,,,Cleveland Browns
88,Wild Card,Sun,10-Jan,W,Pittsburgh Steelers,48,37,20,390,263,127,,34,553,501,52,5,14.03,-4.24,4.08,Cleveland Browns
89,Division,Sun,17-Jan,L,Kansas City Chiefs,17,22,21,308,196,112,2,24,438,315,123,1,5.1,-19.09,8.48,Cleveland Browns
90,1,Sun,13-Sep,L,New Orleans Saints,23,34,23,310,224,86,3,18,271,189,82,,0.48,-1.98,-11.57,Tampa Bay Buccaneers
91,2,Sun,20-Sep,W,Carolina Panthers,31,17,20,339,217,122,2,24,427,340,87,4,7.61,-0.25,4.83,Tampa Bay Buccaneers
92,3,Sun,27-Sep,W,Denver Broncos,28,10,17,353,285,68,,13,226,184,42,2,7.71,10.72,0.99,Tampa Bay Buccaneers
93,4,Sun,4-Oct,W,Los Angeles Chargers,38,31,28,484,369,115,1,15,324,278,46,2,12.95,-5.88,0.2,Tampa Bay Buccaneers
94,5,Thu,8-Oct,L,Chicago Bears,19,20,18,339,233,106,1,18,243,208,35,1,-3.3,0.67,-1.05,Tampa Bay Buccaneers
95,6,Sun,18-Oct,W,Green Bay Packers,38,10,21,324,166,158,,13,201,107,94,2,15.29,21.73,-4.79,Tampa Bay Buccaneers
96,7,Sun,25-Oct,W,Las Vegas Raiders,45,20,29,454,369,85,,19,347,271,76,1,30.56,-1.69,-4.89,Tampa Bay Buccaneers
97,8,Mon,2-Nov,W,New York Giants,25,23,23,344,263,81,1,24,357,256,101,2,5.01,-3.57,2.61,Tampa Bay Buccaneers
98,9,Sun,8-Nov,L,New Orleans Saints,3,38,13,194,186,8,3,27,420,282,138,2,-19.57,-13.73,0.26,Tampa Bay Buccaneers
99,10,Sun,15-Nov,W,Carolina Panthers,46,23,30,544,334,210,1,13,187,122,65,1,27.3,6.81,-11.18,Tampa Bay Buccaneers
100,11,Mon,23-Nov,L,Los Angeles Rams,24,27,20,251,209,42,2,22,413,376,37,2,-1.67,-5.08,2.02,Tampa Bay Buccaneers
101,12,Sun,29-Nov,L,Kansas City Chiefs,24,27,20,417,342,75,2,26,543,456,87,1,12.72,-20.42,2.46,Tampa Bay Buccaneers
102,13,,,,Bye Week,,,,,,,,,,,,,,,,Tampa Bay Buccaneers
103,14,Sun,13-Dec,W,Minnesota Vikings,26,14,17,303,196,107,,27,335,173,162,1,18.44,-10.7,7.06,Tampa Bay Buccaneers
104,15,Sun,20-Dec,W,Atlanta Falcons,31,27,27,416,365,51,,23,369,332,37,,20.21,-8.39,-4.28,Tampa Bay Buccaneers
105,16,Sat,26-Dec,W,Detroit Lions,47,7,30,588,477,111,,12,186,113,73,2,37.71,18.39,-16.78,Tampa Bay Buccaneers
106,17,Sun,3-Jan,W,Atlanta Falcons,44,27,28,485,391,94,1,25,385,258,127,2,29.28,-10.53,0.43,Tampa Bay Buccaneers
107,,,Playoffs,,,,,,,,,,,,,,,,,,Tampa Bay Buccaneers
108,Wild Card,Sat,9-Jan,W,Washington Football Team,31,23,26,507,365,142,1,23,375,289,86,1,14.51,-5.16,-1.49,Tampa Bay Buccaneers
109,Division,Sun,17-Jan,W,New Orleans Saints,30,20,20,316,189,127,,20,294,190,104,4,5.85,6.52,-0.63,Tampa Bay Buccaneers
110,Conf. Champ.,Sun,24-Jan,W,Green Bay Packers,31,26,19,351,275,76,3,23,381,314,67,2,14.4,-7.4,0.17,Tampa Bay Buccaneers
111,SuperBowl,Sun,7-Feb,W,Kansas City Chiefs,31,9,26,340,195,145,,22,350,243,107,2,10.75,7.9,1.18,Tampa Bay Buccaneers
112,1,Sun,13-Sep,W,New York Jets,27,17,31,404,306,98,2,15,254,202,52,2,14.47,0.12,-3.63,Buffalo Bills
113,2,Sun,20-Sep,W,Miami Dolphins,31,28,23,523,411,112,1,28,410,311,99,,21.16,-12.7,-2.3,Buffalo Bills
114,3,Sun,27-Sep,W,Los Angeles Rams,35,32,23,375,274,101,2,28,478,311,167,2,17.83,-19.86,6.79,Buffalo Bills
115,4,Sun,4-Oct,W,Las Vegas Raiders,30,23,21,337,274,63,,24,383,297,86,2,16.49,-7.2,-1.37,Buffalo Bills
116,5,Tue,13-Oct,L,Tennessee Titans,16,42,23,370,275,95,3,25,334,195,139,,1.55,-24.29,-0.82,Buffalo Bills
117,6,Mon,19-Oct,L,Kansas City Chiefs,17,26,20,206,122,84,1,27,466,221,245,1,4.19,-21.56,8.48,Buffalo Bills
118,7,Sun,25-Oct,W,New York Jets,18,10,26,422,296,126,1,17,191,91,100,2,6.27,8.08,-3.23,Buffalo Bills
119,8,Sun,1-Nov,W,New England Patriots,24,21,22,339,149,190,1,20,349,161,188,1,8.85,-8.26,0.85,Buffalo Bills
120,9,Sun,8-Nov,W,Seattle Seahawks,44,34,27,420,386,34,,22,419,362,57,4,17.05,-9.12,4.66,Buffalo Bills
121,10,Sun,15-Nov,L,Arizona Cardinals,30,32,22,369,296,73,2,26,453,236,217,2,3.67,-8.17,4.77,Buffalo Bills
122,11,,,,Bye Week,,,,,,,,,,,,,,,,Buffalo Bills
123,12,Sun,29-Nov,W,Los Angeles Chargers,27,17,23,332,160,172,3,24,367,291,76,1,5.65,-4.93,4.65,Buffalo Bills
124,13,Mon,7-Dec,W,San Francisco 49ers,34,24,31,449,368,81,1,24,402,316,86,2,18.14,-6.59,0.36,Buffalo Bills
125,14,Sun,13-Dec,W,Pittsburgh Steelers,26,15,21,334,230,104,2,14,224,177,47,2,3.18,11.72,-0.16,Buffalo Bills
126,15,Sat,19-Dec,W,Denver Broncos,48,19,29,534,352,182,1,19,255,115,140,1,28.8,3.55,-0.71,Buffalo Bills
127,16,Mon,28-Dec,W,New England Patriots,38,9,31,474,344,130,,11,201,56,145,,26.17,2.39,-1.1,Buffalo Bills
128,17,Sun,3-Jan,W,Miami Dolphins,56,26,24,455,377,78,2,27,454,384,70,4,19.85,8.17,2.88,Buffalo Bills
129,,,Playoffs,,,,,,,,,,,,,,,,,,Buffalo Bills
130,Wild Card,Sat,9-Jan,W,Indianapolis Colts,27,24,22,397,301,96,,27,472,309,163,,15.99,-18.47,4.83,Buffalo Bills
131,Division,Sat,16-Jan,W,Baltimore Ravens,17,3,17,220,188,32,,19,340,190,150,1,-3.68,14.36,1.22,Buffalo Bills
132,Conf. Champ.,Sun,24-Jan,L,Kansas City Chiefs,24,38,24,363,234,129,1,29,439,325,114,1,3.03,-30.34,9.61,Buffalo Bills
133,1,Sun,13-Sep,W,San Francisco 49ers,24,20,29,404,224,180,1,18,366,243,123,,6.46,-3.88,-0.46,Arizona Cardinals
134,2,Sun,20-Sep,W,Washington Football Team,30,15,22,438,278,160,1,19,316,199,117,2,8.92,0.18,6.91,Arizona Cardinals
135,3,Sun,27-Sep,L,Detroit Lions,23,26,28,377,268,109,3,22,322,232,90,,8.07,-8.15,-2.46,Arizona Cardinals
136,4,Sun,4-Oct,L,Carolina Panthers,21,31,21,262,133,129,1,30,444,276,168,1,8.53,-23.36,3.47,Arizona Cardinals
137,5,Sun,11-Oct,W,New York Jets,30,10,28,496,369,127,1,21,285,162,123,,17.2,4.27,-3.61,Arizona Cardinals
138,6,Mon,19-Oct,W,Dallas Cowboys,38,10,22,438,177,261,,27,344,247,97,4,23.56,3.91,-0.53,Arizona Cardinals
139,7,Sun,25-Oct,W,Seattle Seahawks,37,34,31,519,360,159,2,33,572,372,200,3,13.97,-11.75,0.78,Arizona Cardinals
140,8,,,,Bye Week,,,,,,,,,,,,,,,,Arizona Cardinals
141,9,Sun,8-Nov,L,Miami Dolphins,31,34,26,442,264,178,1,24,312,221,91,,17.94,-15.28,-6.36,Arizona Cardinals
142,10,Sun,15-Nov,W,Buffalo Bills,32,30,26,453,236,217,2,22,369,296,73,2,8.17,-3.67,-4.77,Arizona Cardinals
143,11,Thu,19-Nov,L,Seattle Seahawks,21,28,24,314,257,57,,22,347,182,165,,8.96,-16.03,-0.39,Arizona Cardinals
144,12,Sun,29-Nov,L,New England Patriots,17,20,23,298,160,138,1,16,179,69,110,2,0,4.68,-9.06,Arizona Cardinals
145,13,Sun,6-Dec,L,Los Angeles Rams,28,38,18,232,140,92,2,30,463,344,119,1,-0.6,-18.92,6.43,Arizona Cardinals
146,14,Sun,13-Dec,W,New York Giants,26,7,22,390,231,159,,10,159,81,78,3,1.35,18.89,1.81,Arizona Cardinals
147,15,Sun,20-Dec,W,Philadelphia Eagles,33,26,26,526,423,103,3,26,422,305,117,,4.72,-10.01,12.58,Arizona Cardinals
148,16,Sat,26-Dec,L,San Francisco 49ers,12,20,20,350,230,120,2,22,398,171,227,1,-10.15,-9.69,10.68,Arizona Cardinals
149,17,Sun,3-Jan,L,Los Angeles Rams,7,18,15,214,166,48,1,21,333,223,110,2,-13.48,6.77,-2.44,Arizona Cardinals
150,1,Sun,13-Sep,W,Cincinnati Bengals,16,13,19,362,207,155,,19,295,173,122,2,-2.07,8.27,-3.54,Los Angeles Chargers
151,2,Sun,20-Sep,L,Kansas City Chiefs,20,23,28,479,296,183,1,23,414,289,125,,13.33,-10.92,-3.8,Los Angeles Chargers
152,3,Sun,27-Sep,L,Carolina Panthers,16,21,26,436,319,117,4,14,302,221,81,,-5.44,-1.18,0.62,Los Angeles Chargers
153,4,Sun,4-Oct,L,Tampa Bay Buccaneers,31,38,15,324,278,46,2,28,484,369,115,1,5.88,-12.95,-0.2,Los Angeles Chargers
154,5,Mon,12-Oct,L,New Orleans Saints,27,30,19,350,239,111,,23,408,313,95,1,6.8,-3.09,-7.44,Los Angeles Chargers
155,6,,,,Bye Week,,,,,,,,,,,,,,,,Los Angeles Chargers
156,7,Sun,25-Oct,W,Jacksonville Jaguars,39,29,29,484,349,135,,15,294,154,140,1,20.27,2.3,-8.03,Los Angeles Chargers
157,8,Sun,1-Nov,L,Denver Broncos,30,31,28,485,275,210,2,17,351,243,108,1,9.03,-8.64,-1.18,Los Angeles Chargers
158,9,Sun,8-Nov,L,Las Vegas Raiders,26,31,26,440,312,128,1,16,320,160,160,1,17.58,-11.13,-10.69,Los Angeles Chargers
159,10,Sun,15-Nov,L,Miami Dolphins,21,29,19,273,174,99,1,17,280,169,111,1,-1.88,7.96,-14.67,Los Angeles Chargers
160,11,Sun,22-Nov,W,New York Jets,34,28,28,376,347,29,1,20,292,196,96,1,16.66,-7.52,-3.42,Los Angeles Chargers
161,12,Sun,29-Nov,L,Buffalo Bills,17,27,24,367,291,76,1,23,332,160,172,3,4.93,-5.65,-4.65,Los Angeles Chargers
162,13,Sun,6-Dec,L,New England Patriots,0,45,17,258,188,70,2,22,291,126,165,,-16.13,-9.66,-22.19,Los Angeles Chargers
163,14,Sun,13-Dec,W,Atlanta Falcons,20,17,23,345,240,105,1,19,319,249,70,3,10.14,-5.82,-1.54,Los Angeles Chargers
164,15,Thu,17-Dec,W,Las Vegas Raiders,30,27,27,402,306,96,,27,449,276,173,1,23.38,-16.83,-4.42,Los Angeles Chargers
165,16,Sun,27-Dec,W,Denver Broncos,19,16,16,316,227,89,,23,396,263,133,2,1.63,-4.25,4.44,Los Angeles Chargers
166,17,Sun,3-Jan,W,Kansas City Chiefs,38,21,29,416,281,135,,18,268,217,51,1,25.49,-10.71,3.07,Los Angeles Chargers
167,1,Thu,10-Sep,W,Houston Texans,34,20,28,369,203,166,,21,360,242,118,1,22.94,-8.16,1.59,Kansas City Chiefs
168,2,Sun,20-Sep,W,Los Angeles Chargers,23,20,23,414,289,125,,28,479,296,183,1,10.92,-13.33,3.8,Kansas City Chiefs
169,3,Mon,28-Sep,W,Baltimore Ravens,34,20,29,517,385,132,1,16,228,70,158,1,26.62,4.74,-17.39,Kansas City Chiefs
170,4,Mon,5-Oct,W,New England Patriots,26,10,19,323,229,94,1,21,357,172,185,4,5.72,10.82,-3.78,Kansas City Chiefs
171,5,Sun,11-Oct,L,Las Vegas Raiders,32,40,21,413,333,80,1,22,490,346,144,1,10.45,-22.81,0.4,Kansas City Chiefs
172,6,Mon,19-Oct,W,Buffalo Bills,26,17,27,466,221,245,1,20,206,122,84,1,21.56,-4.19,-8.48,Kansas City Chiefs
173,7,Sun,25-Oct,W,Denver Broncos,43,16,17,286,185,101,1,24,411,234,177,4,3.75,15.83,6.31,Kansas City Chiefs
174,8,Sun,1-Nov,W,New York Jets,35,9,25,496,446,50,,13,221,128,93,1,21.48,8.29,-6.95,Kansas City Chiefs
175,9,Sun,8-Nov,W,Carolina Panthers,33,31,24,397,361,36,1,30,435,331,104,,20.48,-19.28,-1.85,Kansas City Chiefs
176,10,,,,Bye Week,,,,,,,,,,,,,,,,Kansas City Chiefs
177,11,Sun,22-Nov,W,Las Vegas Raiders,35,31,36,460,352,108,1,25,364,275,89,1,28.52,-19.95,-2.56,Kansas City Chiefs
178,12,Sun,29-Nov,W,Tampa Bay Buccaneers,27,24,26,543,456,87,1,20,417,342,75,2,20.42,-12.72,-2.46,Kansas City Chiefs
179,13,Sun,6-Dec,W,Denver Broncos,22,16,25,447,313,134,,19,330,151,179,2,14.55,-6.11,0.21,Kansas City Chiefs
180,14,Sun,13-Dec,W,Miami Dolphins,33,27,22,448,354,94,4,27,367,287,80,1,3.61,-10.4,14.14,Kansas City Chiefs
181,15,Sun,20-Dec,W,New Orleans Saints,32,29,34,411,232,179,1,15,285,225,60,1,12.26,-0.3,-8.71,Kansas City Chiefs
182,16,Sun,27-Dec,W,Atlanta Falcons,17,14,23,395,278,117,2,23,367,277,90,1,5.3,-5.95,3.91,Kansas City Chiefs
183,17,Sun,3-Jan,L,Los Angeles Chargers,21,38,18,268,217,51,1,29,416,281,135,,10.71,-25.49,-3.07,Kansas City Chiefs
184,,,Playoffs,,,,,,,,,,,,,,,,,,Kansas City Chiefs
185,Division,Sun,17-Jan,W,Cleveland Browns,22,17,24,438,315,123,1,21,308,196,112,2,19.09,-5.1,-8.48,Kansas City Chiefs
186,Conf. Champ.,Sun,24-Jan,W,Buffalo Bills,38,24,29,439,325,114,1,24,363,234,129,1,30.34,-3.03,-9.61,Kansas City Chiefs
187,SuperBowl,Sun,7-Feb,L,Tampa Bay Buccaneers,9,31,22,350,243,107,2,26,340,195,145,,-7.9,-10.75,-1.18,Kansas City Chiefs
188,1,Sun,13-Sep,L,Jacksonville Jaguars,20,27,27,445,357,88,2,17,241,150,91,,9.78,-9.78,-7.99,Indianapolis Colts
189,2,Sun,20-Sep,W,Minnesota Vikings,28,11,24,354,203,151,1,12,175,95,80,3,5.63,9.97,4.52,Indianapolis Colts
190,3,Sun,27-Sep,W,New York Jets,36,7,21,353,234,119,,15,260,151,109,3,11.02,22.25,-0.99,Indianapolis Colts
191,4,Sun,4-Oct,W,Chicago Bears,19,11,18,289,186,103,,16,269,241,28,1,2.28,1.13,7.13,Indianapolis Colts
192,5,Sun,11-Oct,L,Cleveland Browns,23,32,15,308,240,68,2,22,385,261,124,2,-2.46,-9.88,4.93,Indianapolis Colts
193,6,Sun,18-Oct,W,Cincinnati Bengals,31,27,23,430,371,59,2,22,398,300,98,1,16,-12.35,0.22,Indianapolis Colts
194,7,,,,Bye Week,,,,,,,,,,,,,,,,Indianapolis Colts
195,8,Sun,1-Nov,W,Detroit Lions,41,21,26,366,247,119,,20,326,297,29,2,21.92,3.03,-6.52,Indianapolis Colts
196,9,Sun,8-Nov,L,Baltimore Ravens,10,24,20,339,227,112,2,19,266,156,110,1,-13.1,0.58,1.45,Indianapolis Colts
197,10,Thu,12-Nov,W,Tennessee Titans,34,17,26,430,297,133,,25,294,137,157,,17.58,-9.37,6.81,Indianapolis Colts
198,11,Sun,22-Nov,W,Green Bay Packers,34,31,23,420,280,140,2,21,367,301,66,4,4.31,-6.48,4.3,Indianapolis Colts
199,12,Sun,29-Nov,L,Tennessee Titans,26,45,27,336,280,56,1,28,449,220,229,,6.68,-23.98,-6.58,Indianapolis Colts
200,13,Sun,6-Dec,W,Houston Texans,26,20,25,371,262,109,,20,398,308,90,2,8.59,-5.59,1.28,Indianapolis Colts
201,14,Sun,13-Dec,W,Las Vegas Raiders,44,27,25,456,244,212,,26,424,345,79,3,30.23,-9.54,-4.58,Indianapolis Colts
202,15,Sun,20-Dec,W,Houston Texans,27,20,20,350,223,127,,22,425,342,83,2,16.23,-12.04,1.35,Indianapolis Colts
203,16,Sun,27-Dec,L,Pittsburgh Steelers,24,28,21,365,238,127,2,26,354,332,22,,0.99,-8.37,2.01,Indianapolis Colts
204,17,Sun,3-Jan,W,Jacksonville Jaguars,28,14,23,437,164,273,1,18,283,230,53,1,14.26,10.79,-8.77,Indianapolis Colts
205,,,Playoffs,,,,,,,,,,,,,,,,,,Indianapolis Colts
206,Wild Card,Sat,9-Jan,L,Buffalo Bills,24,27,27,472,309,163,,22,397,301,96,,18.47,-15.99,-4.83,Indianapolis Colts
207,1,Sun,13-Sep,L,Los Angeles Rams,17,20,24,380,244,136,,23,422,269,153,1,3.18,-12.62,1.54,Dallas Cowboys
208,2,Sun,20-Sep,W,Atlanta Falcons,40,39,33,570,445,125,3,22,380,267,113,,17.31,-13.66,-1.38,Dallas Cowboys
209,3,Sun,27-Sep,L,Seattle Seahawks,31,38,27,522,461,61,3,23,412,295,117,1,9.84,-11.85,-4.6,Dallas Cowboys
210,4,Sun,4-Oct,L,Cleveland Browns,38,49,35,566,481,85,3,33,508,201,307,,19.85,-29.43,-1.81,Dallas Cowboys
211,5,Sun,11-Oct,W,New York Giants,37,34,28,402,276,126,2,20,300,211,89,1,11.9,0.61,-7.75,Dallas Cowboys
212,6,Mon,19-Oct,L,Arizona Cardinals,10,38,27,344,247,97,4,22,438,177,261,,-3.91,-23.56,0.53,Dallas Cowboys
213,7,Sun,25-Oct,L,Washington Football Team,3,25,12,142,59,83,1,21,397,189,208,,-14.88,-15.64,10.05,Dallas Cowboys
214,8,Sun,1-Nov,L,Philadelphia Eagles,9,23,21,265,132,133,2,18,222,103,119,4,-21.74,11.99,1.73,Dallas Cowboys
215,9,Sun,8-Nov,L,Pittsburgh Steelers,19,24,19,364,220,144,2,20,355,309,46,,-3.09,-4.51,5.6,Dallas Cowboys
216,10,,,,Bye Week,,,,,,,,,,,,,,,,Dallas Cowboys
217,11,Sun,22-Nov,W,Minnesota Vikings,31,28,24,376,196,180,1,24,430,305,125,2,15.61,-9,-2.73,Dallas Cowboys
218,12,Thu,26-Nov,L,Washington Football Team,16,41,13,247,187,60,2,22,338,156,182,1,-17.92,-8.38,-1.4,Dallas Cowboys
219,13,Tue,8-Dec,L,Baltimore Ravens,17,34,29,388,277,111,1,19,401,107,294,1,10.45,-19.5,-3.43,Dallas Cowboys
220,14,Sun,13-Dec,W,Cincinnati Bengals,30,7,16,272,171,101,,18,309,208,101,3,8.06,14.89,0.7,Dallas Cowboys
221,15,Sun,20-Dec,W,San Francisco 49ers,41,33,15,291,204,87,,28,458,308,150,4,4.47,-11.28,12.91,Dallas Cowboys
222,16,Sun,27-Dec,W,Philadelphia Eagles,37,17,22,513,362,151,1,24,477,326,151,3,23.4,-5.42,-0.38,Dallas Cowboys
223,17,Sun,3-Jan,L,New York Giants,19,23,26,307,199,108,1,22,336,211,125,2,-3.56,-4.34,4.88,Dallas Cowboys
224,1,Sun,13-Sep,L,New England Patriots,11,21,20,269,182,87,3,29,357,140,217,1,-2.2,-14.11,5.64,Miami Dolphins
225,2,Sun,20-Sep,L,Buffalo Bills,28,31,28,410,311,99,,23,523,411,112,1,12.7,-21.16,2.3,Miami Dolphins
226,3,Thu,24-Sep,W,Jacksonville Jaguars,31,13,23,294,156,138,,22,318,246,72,2,12.93,5.61,-1.87,Miami Dolphins
227,4,Sun,4-Oct,L,Seattle Seahawks,23,31,25,415,312,103,2,26,441,343,98,1,7.12,-16.11,1.32,Miami Dolphins
228,5,Sun,11-Oct,W,San Francisco 49ers,43,17,22,436,342,94,,19,259,128,131,3,19.36,9.48,0.03,Miami Dolphins
229,6,Sun,18-Oct,W,New York Jets,24,0,18,302,192,110,2,13,263,148,115,1,0.32,18.17,3.79,Miami Dolphins
230,7,,,,Bye Week,,,,,,,,,,,,,,,,Miami Dolphins
231,8,Sun,1-Nov,W,Los Angeles Rams,28,17,8,145,90,55,2,31,471,340,131,4,-21.63,18.41,12.41,Miami Dolphins
232,9,Sun,8-Nov,W,Arizona Cardinals,34,31,24,312,221,91,,26,442,264,178,1,15.28,-17.94,6.36,Miami Dolphins
233,10,Sun,15-Nov,W,Los Angeles Chargers,29,21,17,280,169,111,1,19,273,174,99,1,-7.96,1.88,14.67,Miami Dolphins
234,11,Sun,22-Nov,L,Denver Broncos,13,20,17,223,167,56,1,19,459,270,189,2,-6.76,-9.2,4.92,Miami Dolphins
235,12,Sun,29-Nov,W,New York Jets,20,3,22,345,241,104,2,10,260,173,87,2,1.9,15.02,3.01,Miami Dolphins
236,13,Sun,6-Dec,W,Cincinnati Bengals,19,7,23,406,296,110,1,12,196,156,40,2,5.94,7.2,-1.67,Miami Dolphins
237,14,Sun,13-Dec,L,Kansas City Chiefs,27,33,27,367,287,80,1,22,448,354,94,4,10.4,-3.61,-14.14,Miami Dolphins
238,15,Sun,20-Dec,W,New England Patriots,22,12,26,383,133,250,1,18,303,186,117,1,16.71,1,-6.16,Miami Dolphins
239,16,Sat,26-Dec,W,Las Vegas Raiders,26,25,18,383,253,130,,23,418,314,104,1,6.02,-11.22,3.21,Miami Dolphins
240,17,Sun,3-Jan,L,Buffalo Bills,26,56,27,454,384,70,4,24,455,377,78,2,-8.17,-19.85,-2.88,Miami Dolphins
241,1,Sun,13-Sep,L,Washington Football Team,17,27,19,265,208,57,3,18,239,159,80,,-16.45,6.28,1.28,Philadelphia Eagles
242,2,Sun,20-Sep,L,Los Angeles Rams,19,37,25,363,242,121,3,30,449,258,191,1,-0.85,-27.57,8.25,Philadelphia Eagles
243,3,Sun,27-Sep,T,Cincinnati Bengals,23,23,27,378,206,172,2,24,304,256,48,,1.65,0.48,-1.44,Philadelphia Eagles
244,4,Sun,4-Oct,W,San Francisco 49ers,25,20,18,267,174,93,1,25,417,301,116,3,0.66,-0.02,3.75,Philadelphia Eagles
245,5,Sun,11-Oct,L,Pittsburgh Steelers,29,38,20,336,242,94,2,25,367,231,136,1,14.47,-20.16,-3.43,Philadelphia Eagles
246,6,Sun,18-Oct,L,Baltimore Ravens,28,30,19,364,170,194,1,17,355,173,182,,1.83,0.7,-9.68,Philadelphia Eagles
247,7,Thu,22-Oct,W,New York Giants,22,21,27,442,346,96,1,17,325,165,160,3,2.8,1.65,-1.27,Philadelphia Eagles
248,8,Sun,1-Nov,W,Dallas Cowboys,23,9,18,222,103,119,4,21,265,132,133,2,-11.99,21.74,-1.73,Philadelphia Eagles
249,9,,,,Bye Week,,,,,,,,,,,,,,,,Philadelphia Eagles
250,10,Sun,15-Nov,L,New York Giants,17,27,22,346,190,156,,22,382,231,151,,2.7,-14.42,-4.88,Philadelphia Eagles
251,11,Sun,22-Nov,L,Cleveland Browns,17,22,19,315,209,106,3,17,324,187,137,1,-10.55,4.43,-1.99,Philadelphia Eagles
252,12,Mon,30-Nov,L,Seattle Seahawks,17,23,18,250,180,70,1,20,301,225,76,,-6.08,-0.57,-1.79,Philadelphia Eagles
253,13,Sun,6-Dec,L,Green Bay Packers,16,30,17,278,161,117,1,20,437,288,149,,-2.33,-19.58,8.04,Philadelphia Eagles
254,14,Sun,13-Dec,W,New Orleans Saints,24,21,21,413,167,246,1,20,358,262,96,2,6.77,-4.23,1.33,Philadelphia Eagles
255,15,Sun,20-Dec,L,Arizona Cardinals,26,33,26,422,305,117,,26,526,423,103,3,10.01,-4.72,-12.58,Philadelphia Eagles
256,16,Sun,27-Dec,L,Dallas Cowboys,17,37,24,477,326,151,3,22,513,362,151,1,5.42,-23.4,0.38,Philadelphia Eagles
257,17,Sun,3-Jan,L,Washington Football Team,14,20,16,216,98,118,3,16,248,145,103,2,-11.71,8.33,-3.56,Philadelphia Eagles
258,1,Sun,13-Sep,L,Seattle Seahawks,25,38,28,506,434,72,2,22,383,299,84,,7.25,-21.28,-0.51,Atlanta Falcons
259,2,Sun,20-Sep,L,Dallas Cowboys,39,40,22,380,267,113,,33,570,445,125,3,13.66,-17.31,1.38,Atlanta Falcons
260,3,Sun,27-Sep,L,Chicago Bears,26,30,22,371,227,144,1,24,437,307,130,2,5.82,-2.87,-5.24,Atlanta Falcons
261,4,Mon,5-Oct,L,Green Bay Packers,16,30,24,327,249,78,,22,403,315,88,,5.57,-19.46,-0.14,Atlanta Falcons
262,5,Sun,11-Oct,L,Carolina Panthers,16,23,21,373,207,166,1,24,437,313,124,,6.82,-18.13,2.46,Atlanta Falcons
263,6,Sun,18-Oct,W,Minnesota Vikings,40,23,24,462,363,99,1,19,365,333,32,3,20.17,-0.99,0.84,Atlanta Falcons
264,7,Sun,25-Oct,L,Detroit Lions,22,23,26,388,322,66,1,21,386,322,64,,10.84,-10.28,-2.56,Atlanta Falcons
265,8,Thu,29-Oct,W,Carolina Panthers,25,17,28,401,270,131,1,18,304,157,147,1,15.4,-2.21,-6.84,Atlanta Falcons
266,9,Sun,8-Nov,W,Denver Broncos,34,27,23,363,271,92,1,23,405,302,103,1,14.27,-4.44,0.15,Atlanta Falcons
267,10,,,,Bye Week,,,,,,,,,,,,,,,,Atlanta Falcons
268,11,Sun,22-Nov,L,New Orleans Saints,9,24,14,248,196,52,2,24,376,210,166,1,-4.08,-12.49,8.6,Atlanta Falcons
269,12,Sun,29-Nov,W,Las Vegas Raiders,43,6,23,304,179,125,1,13,243,203,40,5,3.82,34.18,-4.76,Atlanta Falcons
270,13,Sun,6-Dec,L,New Orleans Saints,16,21,21,332,262,70,1,23,424,217,207,1,-0.46,-8.37,6.27,Atlanta Falcons
271,14,Sun,13-Dec,L,Los Angeles Chargers,17,20,19,319,249,70,3,23,345,240,105,1,5.82,-10.14,1.54,Atlanta Falcons
272,15,Sun,20-Dec,L,Tampa Bay Buccaneers,27,31,23,369,332,37,,27,416,365,51,,8.39,-20.21,4.28,Atlanta Falcons
273,16,Sun,27-Dec,L,Kansas City Chiefs,14,17,23,367,277,90,1,23,395,278,117,2,5.95,-5.3,-3.91,Atlanta Falcons
274,17,Sun,3-Jan,L,Tampa Bay Buccaneers,27,44,25,385,258,127,2,28,485,391,94,1,10.53,-29.28,-0.43,Atlanta Falcons
275,1,Mon,14-Sep,L,Pittsburgh Steelers,16,26,20,291,262,29,2,19,349,208,141,1,-6.06,-13.2,5.36,New York Giants
276,2,Sun,20-Sep,L,Chicago Bears,13,17,22,295,220,75,2,18,304,169,135,2,0.28,-3.42,3.92,New York Giants
277,3,Sun,27-Sep,L,San Francisco 49ers,9,36,13,231,165,66,3,29,420,327,93,,-10.86,-18.53,8.05,New York Giants
278,4,Sun,4-Oct,L,Los Angeles Rams,9,17,19,295,159,136,1,15,240,182,58,1,-8.39,-1.88,3.27,New York Giants
279,5,Sun,11-Oct,L,Dallas Cowboys,34,37,20,300,211,89,1,28,402,276,126,2,-0.61,-11.9,7.75,New York Giants
280,6,Sun,18-Oct,W,Washington Football Team,20,19,16,240,108,132,1,24,337,251,86,2,4.14,-1.78,2.48,New York Giants
281,7,Thu,22-Oct,L,Philadelphia Eagles,21,22,17,325,165,160,3,27,442,346,96,1,-1.65,-2.8,1.27,New York Giants
282,8,Mon,2-Nov,L,Tampa Bay Buccaneers,23,25,24,357,256,101,2,23,344,263,81,1,3.57,-5.01,-2.61,New York Giants
283,9,Sun,8-Nov,W,Washington Football Team,23,20,22,350,184,166,,19,402,365,37,5,1.55,-2.73,4.12,New York Giants
284,10,Sun,15-Nov,W,Philadelphia Eagles,27,17,22,382,231,151,,22,346,190,156,,14.42,-2.7,4.88,New York Giants
285,11,,,,Bye Week,,,,,,,,,,,,,,,,New York Giants
286,12,Sun,29-Nov,W,Cincinnati Bengals,19,17,19,386,244,142,1,11,155,115,40,3,-2.23,18.51,-12.92,New York Giants
287,13,Sun,6-Dec,W,Seattle Seahawks,17,12,13,290,100,190,1,21,327,216,111,2,-3.56,10.03,-2.18,New York Giants
288,14,Sun,13-Dec,L,Arizona Cardinals,7,26,10,159,81,78,3,22,390,231,159,,-18.89,-1.35,-1.81,New York Giants
289,15,Sun,20-Dec,L,Cleveland Browns,6,20,14,288,214,74,,24,392,286,106,,0.85,-16.29,1.67,New York Giants
290,16,Sun,27-Dec,L,Baltimore Ravens,13,27,24,269,215,54,,25,432,183,249,1,-3.69,-17.45,5.16,New York Giants
291,17,Sun,3-Jan,W,Dallas Cowboys,23,19,22,336,211,125,2,26,307,199,108,1,4.34,3.56,-4.88,New York Giants
292,1,Sun,13-Sep,W,Indianapolis Colts,27,20,17,241,150,91,,27,445,357,88,2,9.78,-9.78,7.99,Jacksonville Jaguars
293,2,Sun,20-Sep,L,Tennessee Titans,30,33,30,480,315,165,2,23,354,231,123,,18.68,-21.12,-3.05,Jacksonville Jaguars
294,3,Thu,24-Sep,L,Miami Dolphins,13,31,22,318,246,72,2,23,294,156,138,,-5.61,-12.93,1.87,Jacksonville Jaguars
295,4,Sun,4-Oct,L,Cincinnati Bengals,25,33,25,429,340,89,1,28,505,300,205,1,13.22,-19.25,-4.81,Jacksonville Jaguars
296,5,Sun,11-Oct,L,Houston Texans,14,30,22,364,289,75,2,24,486,357,129,2,2.21,-18.24,-1.26,Jacksonville Jaguars
297,6,Sun,18-Oct,L,Detroit Lions,16,34,16,275,231,44,2,25,403,223,180,1,-3.97,-15.35,-1.46,Jacksonville Jaguars
298,7,Sun,25-Oct,L,Los Angeles Chargers,29,39,15,294,154,140,1,29,484,349,135,,-2.3,-20.27,8.03,Jacksonville Jaguars
299,8,,,,Bye Week,,,,,,,,,,,,,,,,Jacksonville Jaguars
300,9,Sun,8-Nov,L,Houston Texans,25,27,22,403,288,115,1,19,374,267,107,1,7.61,-9.52,-1.03,Jacksonville Jaguars
301,10,Sun,15-Nov,L,Green Bay Packers,20,24,16,260,151,109,1,16,395,315,80,2,-10.89,-1.82,8.95,Jacksonville Jaguars
302,11,Sun,22-Nov,L,Pittsburgh Steelers,3,27,14,206,133,73,4,23,373,267,106,1,-22.2,-11.97,5.91,Jacksonville Jaguars
303,12,Sun,29-Nov,L,Cleveland Browns,25,27,22,375,235,140,,25,459,252,207,1,11.93,-15.17,2.43,Jacksonville Jaguars
304,13,Sun,6-Dec,L,Minnesota Vikings,24,27,20,390,266,124,4,30,420,275,145,2,-4.24,2.36,-3.19,Jacksonville Jaguars
305,14,Sun,13-Dec,L,Tennessee Titans,10,31,20,354,263,91,1,25,454,205,249,1,-3,-16.06,0.34,Jacksonville Jaguars
306,15,Sun,20-Dec,L,Baltimore Ravens,14,40,17,267,205,62,1,26,409,250,159,1,-1.7,-24.92,0.13,Jacksonville Jaguars
307,16,Sun,27-Dec,L,Chicago Bears,17,41,14,279,203,76,2,28,391,263,128,1,-4.85,-20.23,2.73,Jacksonville Jaguars
308,17,Sun,3-Jan,L,Indianapolis Colts,14,28,18,283,230,53,1,23,437,164,273,1,-10.79,-14.26,8.77,Jacksonville Jaguars
309,1,Sun,13-Sep,L,Buffalo Bills,17,27,15,254,202,52,2,31,404,306,98,2,-0.12,-14.47,3.63,New York Jets
310,2,Sun,20-Sep,L,San Francisco 49ers,13,31,17,277,173,104,,17,359,177,182,1,-4.92,-11.4,-0.86,New York Jets
311,3,Sun,27-Sep,L,Indianapolis Colts,7,36,15,260,151,109,3,21,353,234,119,,-22.25,-11.02,0.99,New York Jets
312,4,Thu,1-Oct,L,Denver Broncos,28,37,18,321,192,129,,21,359,242,117,3,-6.47,-7.81,0.72,New York Jets
313,5,Sun,11-Oct,L,Arizona Cardinals,10,30,21,285,162,123,,28,496,369,127,1,-4.27,-17.2,3.61,New York Jets
314,6,Sun,18-Oct,L,Miami Dolphins,0,24,13,263,148,115,1,18,302,192,110,2,-18.17,-0.32,-3.79,New York Jets
315,7,Sun,25-Oct,L,Buffalo Bills,10,18,17,191,91,100,2,26,422,296,126,1,-8.08,-6.27,3.23,New York Jets
316,8,Sun,1-Nov,L,Kansas City Chiefs,9,35,13,221,128,93,1,25,496,446,50,,-8.29,-21.48,6.95,New York Jets
317,9,Mon,9-Nov,L,New England Patriots,27,30,18,322,257,65,1,30,433,274,159,,18.71,-18.7,-2.16,New York Jets
318,10,,,,Bye Week,,,,,,,,,,,,,,,,New York Jets
319,11,Sun,22-Nov,L,Los Angeles Chargers,28,34,20,292,196,96,1,28,376,347,29,1,7.52,-16.66,3.42,New York Jets
320,12,Sun,29-Nov,L,Miami Dolphins,3,20,10,260,173,87,2,22,345,241,104,2,-15.02,-1.9,-3.01,New York Jets
321,13,Sun,6-Dec,L,Las Vegas Raiders,28,31,24,376,170,206,3,24,440,368,72,2,7.59,-9.86,0.37,New York Jets
322,14,Sun,13-Dec,L,Seattle Seahawks,3,40,12,185,116,69,1,28,410,236,174,1,-10.41,-22.39,-2.47,New York Jets
323,15,Sun,20-Dec,W,Los Angeles Rams,23,20,17,289,196,93,,16,303,189,114,1,0.42,2.53,0.32,New York Jets
324,16,Sun,27-Dec,W,Cleveland Browns,23,16,18,333,202,131,,23,299,254,45,2,0.77,5.93,-4.45,New York Jets
325,17,Sun,3-Jan,L,New England Patriots,14,28,21,350,239,111,2,23,404,238,166,,3.92,-18.13,0.05,New York Jets
326,1,Sun,13-Sep,L,Chicago Bears,23,27,25,426,288,138,1,26,363,214,149,,7.96,-10.67,-0.12,Detroit Lions
327,2,Sun,20-Sep,L,Green Bay Packers,21,42,19,307,218,89,1,26,488,229,259,,2.93,-26.08,2.86,Detroit Lions
328,3,Sun,27-Sep,W,Arizona Cardinals,26,23,22,322,232,90,,28,377,268,109,3,8.15,-8.07,2.46,Detroit Lions
329,4,Sun,4-Oct,L,New Orleans Saints,29,35,18,281,191,90,1,29,392,228,164,1,11.85,-23.24,5.65,Detroit Lions
330,5,,,,Bye Week,,,,,,,,,,,,,,,,Detroit Lions
331,6,Sun,18-Oct,W,Jacksonville Jaguars,34,16,25,403,223,180,1,16,275,231,44,2,15.35,3.97,1.46,Detroit Lions
332,7,Sun,25-Oct,W,Atlanta Falcons,23,22,21,386,322,64,,26,388,322,66,1,10.28,-10.84,2.56,Detroit Lions
333,8,Sun,1-Nov,L,Indianapolis Colts,21,41,20,326,297,29,2,26,366,247,119,,-3.03,-21.92,6.52,Detroit Lions
334,9,Sun,8-Nov,L,Minnesota Vikings,20,34,30,421,292,129,3,22,487,212,275,,4.68,-22.76,9.45,Detroit Lions
335,10,Sun,15-Nov,W,Washington Football Team,30,27,21,372,267,105,,34,464,375,89,1,15.43,-19.77,6.95,Detroit Lions
336,11,Sun,22-Nov,L,Carolina Panthers,0,20,10,185,145,40,1,20,374,258,116,2,-18.63,1.61,-3.12,Detroit Lions
337,12,Thu,26-Nov,L,Houston Texans,25,41,28,388,279,109,3,21,384,307,77,1,-3.34,-11.31,0.56,Detroit Lions
338,13,Sun,6-Dec,W,Chicago Bears,34,30,24,460,400,60,1,26,389,249,140,1,17.66,-12.1,-0.8,Detroit Lions
339,14,Sun,13-Dec,L,Green Bay Packers,24,31,27,293,242,51,,26,410,290,120,,13.36,-23.25,0.61,Detroit Lions
340,15,Sun,20-Dec,L,Tennessee Titans,25,46,27,430,307,123,3,28,463,268,195,,12.36,-33.75,2.3,Detroit Lions
341,16,Sat,26-Dec,L,Tampa Bay Buccaneers,7,47,12,186,113,73,2,30,588,477,111,,-18.39,-37.71,16.78,Detroit Lions
342,17,Sun,3-Jan,L,Minnesota Vikings,35,37,21,417,288,129,2,31,508,383,125,,18.16,-27.15,3.69,Detroit Lions
343,1,Sun,13-Sep,W,Minnesota Vikings,43,34,31,522,364,158,,25,382,248,134,1,28.03,-19.11,3.78,Green Bay Packers
344,2,Sun,20-Sep,W,Detroit Lions,42,21,26,488,229,259,,19,307,218,89,1,26.08,-2.93,-2.86,Green Bay Packers
345,3,Sun,27-Sep,W,New Orleans Saints,37,30,24,369,271,98,,21,397,275,122,1,19.67,-14.59,5.23,Green Bay Packers
346,4,Mon,5-Oct,W,Atlanta Falcons,30,16,22,403,315,88,,24,327,249,78,,19.46,-5.57,0.14,Green Bay Packers
347,5,,,,Bye Week,,,,,,,,,,,,,,,,Green Bay Packers
348,6,Sun,18-Oct,L,Tampa Bay Buccaneers,10,38,13,201,107,94,2,21,324,166,158,,-21.73,-15.29,4.79,Green Bay Packers
349,7,Sun,25-Oct,W,Houston Texans,35,20,22,379,283,96,,20,365,286,79,1,20.19,-1.7,-4.25,Green Bay Packers
350,8,Sun,1-Nov,L,Minnesota Vikings,22,28,24,400,291,109,1,20,324,151,173,,13.95,-20.77,1.23,Green Bay Packers
351,9,Thu,5-Nov,W,San Francisco 49ers,34,17,21,405,294,111,,17,337,282,55,2,19.59,-0.24,-3.72,Green Bay Packers
352,10,Sun,15-Nov,W,Jacksonville Jaguars,24,20,16,395,315,80,2,16,260,151,109,1,1.82,10.89,-8.95,Green Bay Packers
353,11,Sun,22-Nov,L,Indianapolis Colts,31,34,21,367,301,66,4,23,420,280,140,2,6.48,-4.31,-4.3,Green Bay Packers
354,12,Sun,29-Nov,W,Chicago Bears,41,25,28,393,211,182,,26,350,229,121,3,27.57,-6.85,0.48,Green Bay Packers
355,13,Sun,6-Dec,W,Philadelphia Eagles,30,16,20,437,288,149,,17,278,161,117,1,19.58,2.33,-8.04,Green Bay Packers
356,14,Sun,13-Dec,W,Detroit Lions,31,24,26,410,290,120,,27,293,242,51,,23.25,-13.36,-0.61,Green Bay Packers
357,15,Sat,19-Dec,W,Carolina Panthers,24,16,20,291,96,195,,20,364,249,115,1,6.96,1,4.27,Green Bay Packers
358,16,Sun,27-Dec,W,Tennessee Titans,40,14,27,448,214,234,1,15,260,104,156,2,25.88,3.08,-4.92,Green Bay Packers
359,17,Sun,3-Jan,W,Chicago Bears,35,16,17,316,237,79,1,21,356,248,108,2,22.83,-4.91,-3.56,Green Bay Packers
360,,,Playoffs,,,,,,,,,,,,,,,,,,Green Bay Packers
361,Division,Sat,16-Jan,W,Los Angeles Rams,32,18,28,484,296,188,,17,244,148,96,,23.74,-2.94,-5.23,Green Bay Packers
362,Conf. Champ.,Sun,24-Jan,L,Tampa Bay Buccaneers,26,31,23,381,314,67,2,19,351,275,76,3,7.4,-14.4,-0.17,Green Bay Packers
363,1,Sun,13-Sep,L,Las Vegas Raiders,30,34,22,388,259,129,,23,372,239,133,,16.44,-19.49,0.04,Carolina Panthers
364,2,Sun,20-Sep,L,Tampa Bay Buccaneers,17,31,24,427,340,87,4,20,339,217,122,2,0.25,-7.61,-4.83,Carolina Panthers
365,3,Sun,27-Sep,W,Los Angeles Chargers,21,16,14,302,221,81,,26,436,319,117,4,1.18,5.44,-0.62,Carolina Panthers
366,4,Sun,4-Oct,W,Arizona Cardinals,31,21,30,444,276,168,1,21,262,133,129,1,23.36,-8.53,-3.47,Carolina Panthers
367,5,Sun,11-Oct,W,Atlanta Falcons,23,16,24,437,313,124,,21,373,207,166,1,18.13,-6.82,-2.46,Carolina Panthers
368,6,Sun,18-Oct,L,Chicago Bears,16,23,23,303,191,112,3,22,261,198,63,1,-3.15,-1.01,-2.23,Carolina Panthers
369,7,Sun,25-Oct,L,New Orleans Saints,24,27,18,283,246,37,,26,415,277,138,1,17.99,-21.29,-1.07,Carolina Panthers
370,8,Thu,29-Oct,L,Atlanta Falcons,17,25,18,304,157,147,1,28,401,270,131,1,2.21,-15.4,6.84,Carolina Panthers
371,9,Sun,8-Nov,L,Kansas City Chiefs,31,33,30,435,331,104,,24,397,361,36,1,19.28,-20.48,1.85,Carolina Panthers
372,10,Sun,15-Nov,L,Tampa Bay Buccaneers,23,46,13,187,122,65,1,30,544,334,210,1,-6.81,-27.3,11.18,Carolina Panthers
373,11,Sun,22-Nov,W,Detroit Lions,20,0,20,374,258,116,2,10,185,145,40,1,-1.61,18.63,3.12,Carolina Panthers
374,12,Sun,29-Nov,L,Minnesota Vikings,27,28,21,374,267,107,1,26,387,291,96,3,7.73,-0.99,-7.86,Carolina Panthers
375,13,,,,Bye Week,,,,,,,,,,,,,,,,Carolina Panthers
376,14,Sun,13-Dec,L,Denver Broncos,27,32,22,370,245,125,,23,365,269,96,1,7.47,-8.51,-5.3,Carolina Panthers
377,15,Sat,19-Dec,L,Green Bay Packers,16,24,20,364,249,115,1,20,291,96,195,,-1,-6.96,-4.27,Carolina Panthers
378,16,Sun,27-Dec,W,Washington Football Team,20,13,19,280,167,113,2,20,386,278,108,4,-5.85,5.49,7.24,Carolina Panthers
379,17,Sun,3-Jan,L,New Orleans Saints,7,33,17,320,246,74,5,20,347,191,156,,-14.42,-10.71,-0.09,Carolina Panthers
380,1,Sun,13-Sep,W,Miami Dolphins,21,11,29,357,140,217,1,20,269,182,87,3,14.11,2.2,-5.64,New England Patriots
381,2,Sun,20-Sep,L,Seattle Seahawks,30,35,29,464,397,67,1,22,429,275,154,1,19.82,-14.54,-6.98,New England Patriots
382,3,Sun,27-Sep,W,Las Vegas Raiders,36,20,25,406,156,250,1,22,375,249,126,3,11.03,-0.71,5.81,New England Patriots
383,4,Mon,5-Oct,L,Kansas City Chiefs,10,26,21,357,172,185,4,19,323,229,94,1,-10.82,-5.72,3.78,New England Patriots
384,5,,,,Bye Week,,,,,,,,,,,,,,,,New England Patriots
385,6,Sun,18-Oct,L,Denver Broncos,12,18,14,288,171,117,3,15,299,164,135,2,-13.3,6.67,1.59,New England Patriots
386,7,Sun,25-Oct,L,San Francisco 49ers,6,33,17,241,147,94,4,26,467,270,197,2,-9.49,-22.44,6.55,New England Patriots
387,8,Sun,1-Nov,L,Buffalo Bills,21,24,20,349,161,188,1,22,339,149,190,1,8.26,-8.85,-0.85,New England Patriots
388,9,Mon,9-Nov,W,New York Jets,30,27,30,433,274,159,,18,322,257,65,1,18.7,-18.71,2.16,New England Patriots
389,10,Sun,15-Nov,W,Baltimore Ravens,23,17,25,308,135,173,,19,357,242,115,1,13.95,-3.45,-1.86,New England Patriots
390,11,Sun,22-Nov,L,Houston Texans,20,27,22,435,349,86,,21,399,344,55,,13.67,-15.69,-0.27,New England Patriots
391,12,Sun,29-Nov,W,Arizona Cardinals,20,17,16,179,69,110,2,23,298,160,138,1,-4.68,0,9.06,New England Patriots
392,13,Sun,6-Dec,W,Los Angeles Chargers,45,0,22,291,126,165,,17,258,188,70,2,9.66,16.13,22.19,New England Patriots
393,14,Thu,10-Dec,L,Los Angeles Rams,3,24,10,220,113,107,1,17,318,132,186,1,-29.77,-1.19,8.58,New England Patriots
394,15,Sun,20-Dec,L,Miami Dolphins,12,22,18,303,186,117,1,26,383,133,250,1,-1,-16.71,6.16,New England Patriots
395,16,Mon,28-Dec,L,Buffalo Bills,9,38,11,201,56,145,,31,474,344,130,,-2.39,-26.17,1.1,New England Patriots
396,17,Sun,3-Jan,W,New York Jets,28,14,23,404,238,166,,21,350,239,111,2,18.13,-3.92,-0.05,New England Patriots
397,1,Sun,13-Sep,W,Carolina Panthers,34,30,23,372,239,133,,22,388,259,129,,19.49,-16.44,-0.04,Oakland Raiders
398,2,Mon,21-Sep,W,New Orleans Saints,34,24,28,377,261,116,1,26,424,312,112,1,22.48,-13.97,-0.31,Oakland Raiders
399,3,Sun,27-Sep,L,New England Patriots,20,36,22,375,249,126,3,25,406,156,250,1,0.71,-11.03,-5.81,Oakland Raiders
400,4,Sun,4-Oct,L,Buffalo Bills,23,30,24,383,297,86,2,21,337,274,63,,7.2,-16.49,1.37,Oakland Raiders
401,5,Sun,11-Oct,W,Kansas City Chiefs,40,32,22,490,346,144,1,21,413,333,80,1,22.81,-10.45,-0.4,Oakland Raiders
402,6,,,,Bye Week,,,,,,,,,,,,,,,,Oakland Raiders
403,7,Sun,25-Oct,L,Tampa Bay Buccaneers,20,45,19,347,271,76,1,29,454,369,85,,1.69,-30.56,4.89,Oakland Raiders
404,8,Sun,1-Nov,W,Cleveland Browns,16,6,24,309,100,209,,14,223,122,101,1,13.68,0.65,-2.42,Oakland Raiders
405,9,Sun,8-Nov,W,Los Angeles Chargers,31,26,16,320,160,160,1,26,440,312,128,1,11.13,-17.58,10.69,Oakland Raiders
406,10,Sun,15-Nov,W,Denver Broncos,37,12,21,357,154,203,,20,313,247,66,5,10.76,17.38,-3.35,Oakland Raiders
407,11,Sun,22-Nov,L,Kansas City Chiefs,31,35,25,364,275,89,1,36,460,352,108,1,19.95,-28.52,2.56,Oakland Raiders
408,12,Sun,29-Nov,L,Atlanta Falcons,6,43,13,243,203,40,5,23,304,179,125,1,-34.18,-3.82,4.76,Oakland Raiders
409,13,Sun,6-Dec,W,New York Jets,31,28,24,440,368,72,2,24,376,170,206,3,9.86,-7.59,-0.37,Oakland Raiders
410,14,Sun,13-Dec,L,Indianapolis Colts,27,44,26,424,345,79,3,25,456,244,212,,9.54,-30.23,4.58,Oakland Raiders
411,15,Thu,17-Dec,L,Los Angeles Chargers,27,30,27,449,276,173,1,27,402,306,96,,16.83,-23.38,4.42,Oakland Raiders
412,16,Sat,26-Dec,L,Miami Dolphins,25,26,23,418,314,104,1,18,383,253,130,,11.22,-6.02,-3.21,Oakland Raiders
413,17,Sun,3-Jan,W,Denver Broncos,32,31,22,465,359,106,4,24,446,324,122,,4.45,-13.17,8.91,Oakland Raiders
414,1,Sun,13-Sep,W,Dallas Cowboys,20,17,23,422,269,153,1,24,380,244,136,,12.62,-3.18,-1.54,Los Angeles Rams
415,2,Sun,20-Sep,W,Philadelphia Eagles,37,19,30,449,258,191,1,25,363,242,121,3,27.57,0.85,-8.25,Los Angeles Rams
416,3,Sun,27-Sep,L,Buffalo Bills,32,35,28,478,311,167,2,23,375,274,101,2,19.86,-17.83,-6.79,Los Angeles Rams
417,4,Sun,4-Oct,W,New York Giants,17,9,15,240,182,58,1,19,295,159,136,1,1.88,8.39,-3.27,Los Angeles Rams
418,5,Sun,11-Oct,W,Washington Football Team,30,10,20,429,300,129,1,10,108,70,38,,12.32,15.55,-9.05,Los Angeles Rams
419,6,Sun,18-Oct,L,San Francisco 49ers,16,24,17,311,198,113,1,24,390,268,122,,2.05,-12.69,2.53,Los Angeles Rams
420,7,Mon,26-Oct,W,Chicago Bears,24,10,24,371,211,160,1,14,279,230,49,2,3.2,17.34,-5.7,Los Angeles Rams
421,8,Sun,1-Nov,L,Miami Dolphins,17,28,31,471,340,131,4,8,145,90,55,2,-18.41,21.63,-12.41,Los Angeles Rams
422,9,,,,Bye Week,,,,,,,,,,,,,,,,Los Angeles Rams
423,10,Sun,15-Nov,W,Seattle Seahawks,23,16,24,389,283,106,1,20,333,220,113,3,11.84,3.08,-6.89,Los Angeles Rams
424,11,Mon,23-Nov,W,Tampa Bay Buccaneers,27,24,22,413,376,37,2,20,251,209,42,2,5.08,1.67,-2.02,Los Angeles Rams
425,12,Sun,29-Nov,L,San Francisco 49ers,20,23,14,308,182,126,4,18,345,233,112,3,-19.57,14.81,2.68,Los Angeles Rams
426,13,Sun,6-Dec,W,Arizona Cardinals,38,28,30,463,344,119,1,18,232,140,92,2,18.92,0.6,-6.43,Los Angeles Rams
427,14,Thu,10-Dec,W,New England Patriots,24,3,17,318,132,186,1,10,220,113,107,1,1.19,29.77,-8.58,Los Angeles Rams
428,15,Sun,20-Dec,L,New York Jets,20,23,16,303,189,114,1,17,289,196,93,,-2.53,-0.42,-0.32,Los Angeles Rams
429,16,Sun,27-Dec,L,Seattle Seahawks,9,20,20,334,216,118,1,15,292,197,95,,-11.28,-1.46,0.5,Los Angeles Rams
430,17,Sun,3-Jan,W,Arizona Cardinals,18,7,21,333,223,110,2,15,214,166,48,1,-6.77,13.48,2.44,Los Angeles Rams
431,,,Playoffs,,,,,,,,,,,,,,,,,,Los Angeles Rams
432,Wild Card,Sat,9-Jan,W,Seattle Seahawks,30,20,16,333,169,164,,11,278,142,136,2,-3.67,18.04,-1.48,Los Angeles Rams
433,Division,Sat,16-Jan,L,Green Bay Packers,18,32,17,244,148,96,,28,484,296,188,,2.94,-23.74,5.23,Los Angeles Rams
434,1,Sun,13-Sep,W,Cleveland Browns,38,6,23,381,270,111,1,20,306,168,138,3,16.62,8.32,8.64,Baltimore Ravens
435,2,Sun,20-Sep,W,Houston Texans,33,16,23,407,177,230,,18,304,253,51,2,15.93,5.68,-3.2,Baltimore Ravens
436,3,Mon,28-Sep,L,Kansas City Chiefs,20,34,16,228,70,158,1,29,517,385,132,1,-4.74,-26.62,17.39,Baltimore Ravens
437,4,Sun,4-Oct,W,Washington Football Team,31,17,18,350,206,144,2,24,343,274,69,1,8.74,-2.58,9.39,Baltimore Ravens
438,5,Sun,11-Oct,W,Cincinnati Bengals,27,3,17,332,171,161,1,12,205,135,70,3,2.28,28.69,-3.99,Baltimore Ravens
439,6,Sun,18-Oct,W,Philadelphia Eagles,30,28,17,355,173,182,,19,364,170,194,1,-0.7,-1.83,9.68,Baltimore Ravens
440,7,,,,Bye Week,,,,,,,,,,,,,,,,Baltimore Ravens
441,8,Sun,1-Nov,L,Pittsburgh Steelers,24,28,25,457,192,265,4,19,221,173,48,1,3.94,-4.67,0.54,Baltimore Ravens
442,9,Sun,8-Nov,W,Indianapolis Colts,24,10,19,266,156,110,1,20,339,227,112,2,-0.58,13.1,-1.45,Baltimore Ravens
443,10,Sun,15-Nov,L,New England Patriots,17,23,19,357,242,115,1,25,308,135,173,,3.45,-13.95,1.86,Baltimore Ravens
444,11,Sun,22-Nov,L,Tennessee Titans,24,30,21,306,177,129,1,26,423,250,173,1,7.48,-13.91,-0.86,Baltimore Ravens
445,12,Wed,2-Dec,L,Pittsburgh Steelers,14,19,10,219,90,129,2,22,334,266,68,2,-12.11,-2.03,10.71,Baltimore Ravens
446,13,Tue,8-Dec,W,Dallas Cowboys,34,17,19,401,107,294,1,29,388,277,111,1,19.5,-10.45,3.43,Baltimore Ravens
447,14,Mon,14-Dec,W,Cleveland Browns,47,42,25,385,154,231,,33,493,355,138,1,24.92,-23.63,5.17,Baltimore Ravens
448,15,Sun,20-Dec,W,Jacksonville Jaguars,40,14,26,409,250,159,1,17,267,205,62,1,24.92,1.7,-0.13,Baltimore Ravens
449,16,Sun,27-Dec,W,New York Giants,27,13,25,432,183,249,1,24,269,215,54,,17.45,3.69,-5.16,Baltimore Ravens
450,17,Sun,3-Jan,W,Cincinnati Bengals,38,3,24,525,121,404,1,10,195,48,147,2,24.61,14.61,-7.13,Baltimore Ravens
451,,,Playoffs,,,,,,,,,,,,,,,,,,Baltimore Ravens
452,Wild Card,Sun,10-Jan,W,Tennessee Titans,20,13,22,401,165,236,1,12,209,158,51,1,10.95,2.51,-2.13,Baltimore Ravens
453,Division,Sat,16-Jan,L,Buffalo Bills,3,17,19,340,190,150,1,17,220,188,32,,-14.36,3.68,-1.22,Baltimore Ravens
454,1,Sun,13-Sep,W,Tampa Bay Buccaneers,34,23,18,271,189,82,,23,310,224,86,3,1.98,-0.48,11.57,New Orleans Saints
455,2,Mon,21-Sep,L,Las Vegas Raiders,24,34,26,424,312,112,1,28,377,261,116,1,13.97,-22.48,0.31,New Orleans Saints
456,3,Sun,27-Sep,L,Green Bay Packers,30,37,21,397,275,122,1,24,369,271,98,,14.59,-19.67,-5.23,New Orleans Saints
457,4,Sun,4-Oct,W,Detroit Lions,35,29,29,392,228,164,1,18,281,191,90,1,23.24,-11.85,-5.65,New Orleans Saints
458,5,Mon,12-Oct,W,Los Angeles Chargers,30,27,23,408,313,95,1,19,350,239,111,,3.09,-6.8,7.44,New Orleans Saints
459,6,,,,Bye Week,,,,,,,,,,,,,,,,New Orleans Saints
460,7,Sun,25-Oct,W,Carolina Panthers,27,24,26,415,277,138,1,18,283,246,37,,21.29,-17.99,1.07,New Orleans Saints
461,8,Sun,1-Nov,W,Chicago Bears,26,23,23,394,272,122,,18,329,233,96,1,6.13,-0.1,-4.3,New Orleans Saints
462,9,Sun,8-Nov,W,Tampa Bay Buccaneers,38,3,27,420,282,138,2,13,194,186,8,3,13.73,19.57,-0.26,New Orleans Saints
463,10,Sun,15-Nov,W,San Francisco 49ers,27,13,17,237,123,114,2,21,281,232,49,4,-2.66,8.03,6.47,New Orleans Saints
464,11,Sun,22-Nov,W,Atlanta Falcons,24,9,24,376,210,166,1,14,248,196,52,2,12.49,4.08,-8.6,New Orleans Saints
465,12,Sun,29-Nov,W,Denver Broncos,31,3,19,292,63,229,1,6,112,12,100,3,4.99,26.81,-4.76,New Orleans Saints
466,13,Sun,6-Dec,W,Atlanta Falcons,21,16,23,424,217,207,1,21,332,262,70,1,8.37,0.46,-6.27,New Orleans Saints
467,14,Sun,13-Dec,L,Philadelphia Eagles,21,24,20,358,262,96,2,21,413,167,246,1,4.23,-6.77,-1.33,New Orleans Saints
468,15,Sun,20-Dec,L,Kansas City Chiefs,29,32,15,285,225,60,1,34,411,232,179,1,0.3,-12.26,8.71,New Orleans Saints
469,16,Fri,25-Dec,W,Minnesota Vikings,52,33,36,583,319,264,2,25,364,274,90,,35.03,-16.7,0.55,New Orleans Saints
470,17,Sun,3-Jan,W,Carolina Panthers,33,7,20,347,191,156,,17,320,246,74,5,10.71,14.42,0.09,New Orleans Saints
471,,,Playoffs,,,,,,,,,,,,,,,,,,New Orleans Saints
472,Wild Card,Sun,10-Jan,W,Chicago Bears,21,9,27,385,262,123,1,11,239,191,48,,11.98,7.56,-9.21,New Orleans Saints
473,Division,Sun,17-Jan,L,Tampa Bay Buccaneers,20,30,20,294,190,104,4,20,316,189,127,,-6.52,-5.85,0.63,New Orleans Saints
474,1,Sun,13-Sep,W,Atlanta Falcons,38,25,22,383,299,84,,28,506,434,72,2,21.28,-7.25,0.51,Seattle Seahawks
475,2,Sun,20-Sep,W,New England Patriots,35,30,22,429,275,154,1,29,464,397,67,1,14.54,-19.82,6.98,Seattle Seahawks
476,3,Sun,27-Sep,W,Dallas Cowboys,38,31,23,412,295,117,1,27,522,461,61,3,11.85,-9.84,4.6,Seattle Seahawks
477,4,Sun,4-Oct,W,Miami Dolphins,31,23,26,441,343,98,1,25,415,312,103,2,16.11,-7.12,-1.32,Seattle Seahawks
478,5,Sun,11-Oct,W,Minnesota Vikings,27,26,18,314,190,124,1,31,449,248,201,2,8.96,-6.68,0.07,Seattle Seahawks
479,6,,,,Bye Week,,,,,,,,,,,,,,,,Seattle Seahawks
480,7,Sun,25-Oct,L,Arizona Cardinals,34,37,33,572,372,200,3,31,519,360,159,2,11.75,-13.97,-0.78,Seattle Seahawks
481,8,Sun,1-Nov,W,San Francisco 49ers,37,27,27,350,249,101,,24,351,299,52,2,17.9,-14.29,8.73,Seattle Seahawks
482,9,Sun,8-Nov,L,Buffalo Bills,34,44,22,419,362,57,4,27,420,386,34,,9.12,-17.05,-4.66,Seattle Seahawks
483,10,Sun,15-Nov,L,Los Angeles Rams,16,23,20,333,220,113,3,24,389,283,106,1,-3.08,-11.84,6.89,Seattle Seahawks
484,11,Thu,19-Nov,W,Arizona Cardinals,28,21,22,347,182,165,,24,314,257,57,,16.03,-8.96,0.39,Seattle Seahawks
485,12,Mon,30-Nov,W,Philadelphia Eagles,23,17,20,301,225,76,,18,250,180,70,1,0.57,6.08,1.79,Seattle Seahawks
486,13,Sun,6-Dec,L,New York Giants,12,17,21,327,216,111,2,13,290,100,190,1,-10.03,3.56,2.18,Seattle Seahawks
487,14,Sun,13-Dec,W,New York Jets,40,3,28,410,236,174,1,12,185,116,69,1,22.39,10.41,2.47,Seattle Seahawks
488,15,Sun,20-Dec,W,Washington Football Team,20,15,16,302,121,181,1,26,353,269,84,2,3.17,-1.41,4.4,Seattle Seahawks
489,16,Sun,27-Dec,W,Los Angeles Rams,20,9,15,292,197,95,,20,334,216,118,1,1.46,11.28,-0.5,Seattle Seahawks
490,17,Sun,3-Jan,W,San Francisco 49ers,26,23,21,280,159,121,,17,328,242,86,1,5.26,-2.58,0.32,Seattle Seahawks
491,,,Playoffs,,,,,,,,,,,,,,,,,,Seattle Seahawks
492,Wild Card,Sat,9-Jan,L,Los Angeles Rams,20,30,11,278,142,136,2,16,333,169,164,,-18.04,3.67,1.48,Seattle Seahawks
493,1,Mon,14-Sep,W,New York Giants,26,16,19,349,208,141,1,20,291,262,29,2,13.2,6.06,-5.36,Pittsburgh Steelers
494,2,Sun,20-Sep,W,Denver Broncos,26,21,19,410,301,109,2,23,319,215,104,2,-0.36,6.02,3.9,Pittsburgh Steelers
495,3,Sun,27-Sep,W,Houston Texans,28,21,25,387,218,169,,13,260,231,29,1,15.39,-4.41,-2.08,Pittsburgh Steelers
496,4,,,,Bye Week,,,,,,,,,,,,,,,,Pittsburgh Steelers
497,5,Sun,11-Oct,W,Philadelphia Eagles,38,29,25,367,231,136,1,20,336,242,94,2,20.16,-14.47,3.43,Pittsburgh Steelers
498,6,Sun,18-Oct,W,Cleveland Browns,38,7,18,277,148,129,,12,220,145,75,2,6.99,22.96,0.58,Pittsburgh Steelers
499,7,Sun,25-Oct,W,Tennessee Titans,27,24,23,362,268,94,3,15,292,210,82,,6.7,-6.99,3.88,Pittsburgh Steelers
500,8,Sun,1-Nov,W,Baltimore Ravens,28,24,19,221,173,48,1,25,457,192,265,4,4.67,-3.94,-0.54,Pittsburgh Steelers
501,9,Sun,8-Nov,W,Dallas Cowboys,24,19,20,355,309,46,,19,364,220,144,2,4.51,3.09,-5.6,Pittsburgh Steelers
502,10,Sun,15-Nov,W,Cincinnati Bengals,36,10,22,377,333,44,,16,324,185,139,2,7.92,10.97,-0.05,Pittsburgh Steelers
503,11,Sun,22-Nov,W,Jacksonville Jaguars,27,3,23,373,267,106,1,14,206,133,73,4,11.97,22.2,-5.91,Pittsburgh Steelers
504,12,Wed,2-Dec,W,Baltimore Ravens,19,14,22,334,266,68,2,10,219,90,129,2,2.03,12.11,-10.71,Pittsburgh Steelers
505,13,Mon,7-Dec,L,Washington Football Team,17,23,17,326,305,21,1,18,318,273,45,,-5.7,7.02,-3.99,Pittsburgh Steelers
506,14,Sun,13-Dec,L,Buffalo Bills,15,26,14,224,177,47,2,21,334,230,104,2,-11.72,-3.18,0.16,Pittsburgh Steelers
507,15,Mon,21-Dec,L,Cincinnati Bengals,17,27,12,244,158,86,3,13,230,78,152,,-17.2,3.71,4.31,Pittsburgh Steelers
508,16,Sun,27-Dec,W,Indianapolis Colts,28,24,26,354,332,22,,21,365,238,127,2,8.37,-0.99,-2.01,Pittsburgh Steelers
509,17,Sun,3-Jan,L,Cleveland Browns,22,24,18,394,309,85,1,21,358,166,192,,7.05,-12.89,-0.33,Pittsburgh Steelers
510,,,Playoffs,,,,,,,,,,,,,,,,,,Pittsburgh Steelers
511,Wild Card,Sun,10-Jan,L,Cleveland Browns,37,48,34,553,501,52,5,20,390,263,127,,4.24,-14.03,-4.08,Pittsburgh Steelers
512,1,Thu,10-Sep,L,Kansas City Chiefs,20,34,21,360,242,118,1,28,369,203,166,,8.16,-22.94,-1.59,Houston Texans
513,2,Sun,20-Sep,L,Baltimore Ravens,16,33,18,304,253,51,2,23,407,177,230,,-5.68,-15.93,3.2,Houston Texans
514,3,Sun,27-Sep,L,Pittsburgh Steelers,21,28,13,260,231,29,1,25,387,218,169,,4.41,-15.39,2.08,Houston Texans
515,4,Sun,4-Oct,L,Minnesota Vikings,23,31,20,386,290,96,1,24,410,248,162,,8.81,-17.07,1.44,Houston Texans
516,5,Sun,11-Oct,W,Jacksonville Jaguars,30,14,24,486,357,129,2,22,364,289,75,2,18.24,-2.21,1.26,Houston Texans
517,6,Sun,18-Oct,L,Tennessee Titans,36,42,25,412,320,92,,31,607,344,263,2,22.14,-33.45,5.31,Houston Texans
518,7,Sun,25-Oct,L,Green Bay Packers,20,35,20,365,286,79,1,22,379,283,96,,1.7,-20.19,4.25,Houston Texans
519,8,,,,Bye Week,,,,,,,,,,,,,,,,Houston Texans
520,9,Sun,8-Nov,W,Jacksonville Jaguars,27,25,19,374,267,107,1,22,403,288,115,1,9.52,-7.61,1.03,Houston Texans
521,10,Sun,15-Nov,L,Cleveland Browns,7,10,16,243,153,90,,20,356,125,231,,-0.68,-5.49,-2.92,Houston Texans
522,11,Sun,22-Nov,W,New England Patriots,27,20,21,399,344,55,,22,435,349,86,,15.69,-13.67,0.27,Houston Texans
523,12,Thu,26-Nov,W,Detroit Lions,41,25,21,384,307,77,1,28,388,279,109,3,11.31,3.34,-0.56,Houston Texans
524,13,Sun,6-Dec,L,Indianapolis Colts,20,26,20,398,308,90,2,25,371,262,109,,5.59,-8.59,-1.28,Houston Texans
525,14,Sun,13-Dec,L,Chicago Bears,7,36,17,263,155,108,2,23,410,241,169,,-8.67,-16.71,-2.22,Houston Texans
526,15,Sun,20-Dec,L,Indianapolis Colts,20,27,22,425,342,83,2,20,350,223,127,,12.04,-16.23,-1.35,Houston Texans
527,16,Sun,27-Dec,L,Cincinnati Bengals,31,37,23,488,322,166,1,27,540,371,169,,20.31,-25.27,2.34,Houston Texans
528,17,Sun,3-Jan,L,Tennessee Titans,38,41,26,457,361,96,1,28,492,204,288,1,17.33,-25.43,4.17,Houston Texans
529,1,Mon,14-Sep,W,Denver Broncos,16,14,26,377,247,130,,19,323,216,107,1,12.3,-3.03,-11.9,Tennessee Titans
530,2,Sun,20-Sep,W,Jacksonville Jaguars,33,30,23,354,231,123,,30,480,315,165,2,21.12,-18.68,3.05,Tennessee Titans
531,3,Sun,27-Sep,W,Minnesota Vikings,31,30,23,444,310,134,1,22,464,238,226,3,3.79,-10.21,7.95,Tennessee Titans
532,4,,,,Bye Week,,,,,,,,,,,,,,,,Tennessee Titans
533,5,Tue,13-Oct,W,Buffalo Bills,42,16,25,334,195,139,,23,370,275,95,3,24.29,-1.55,0.82,Tennessee Titans
534,6,Sun,18-Oct,W,Houston Texans,42,36,31,607,344,263,2,25,412,320,92,,33.45,-22.14,-5.31,Tennessee Titans
535,7,Sun,25-Oct,L,Pittsburgh Steelers,24,27,15,292,210,82,,23,362,268,94,3,6.99,-6.7,-3.88,Tennessee Titans
536,8,Sun,1-Nov,L,Cincinnati Bengals,20,31,27,441,223,218,1,27,367,249,118,,19.91,-23.57,-5.56,Tennessee Titans
537,9,Sun,8-Nov,W,Chicago Bears,24,17,11,228,136,92,,22,375,319,56,2,-3.34,12.79,-1.5,Tennessee Titans
538,10,Thu,12-Nov,L,Indianapolis Colts,17,34,25,294,137,157,,26,430,297,133,,9.37,-17.58,-6.81,Tennessee Titans
539,11,Sun,22-Nov,W,Baltimore Ravens,30,24,26,423,250,173,1,21,306,177,129,1,13.91,-7.48,0.86,Tennessee Titans
540,12,Sun,29-Nov,W,Indianapolis Colts,45,26,28,449,220,229,,27,336,280,56,1,23.98,-6.68,6.58,Tennessee Titans
541,13,Sun,6-Dec,L,Cleveland Browns,35,41,25,431,369,62,3,26,458,340,118,1,9.59,-16.85,-1.78,Tennessee Titans
542,14,Sun,13-Dec,W,Jacksonville Jaguars,31,10,25,454,205,249,1,20,354,263,91,1,16.06,3,-0.34,Tennessee Titans
543,15,Sun,20-Dec,W,Detroit Lions,46,25,28,463,268,195,,27,430,307,123,3,33.75,-12.36,-2.3,Tennessee Titans
544,16,Sun,27-Dec,L,Green Bay Packers,14,40,15,260,104,156,2,27,448,214,234,1,-3.08,-25.88,4.92,Tennessee Titans
545,17,Sun,3-Jan,W,Houston Texans,41,38,28,492,204,288,1,26,457,361,96,1,25.43,-17.33,-4.17,Tennessee Titans
546,,,Playoffs,,,,,,,,,,,,,,,,,,Tennessee Titans
547,Wild Card,Sun,10-Jan,L,Baltimore Ravens,13,20,12,209,158,51,1,22,401,165,236,1,-2.51,-10.95,2.13,Tennessee Titans
548,1,Sun,13-Sep,L,Green Bay Packers,34,43,25,382,248,134,1,31,522,364,158,,19.11,-28.03,-3.78,Minnesota Vikings
549,2,Sun,20-Sep,L,Indianapolis Colts,11,28,12,175,95,80,3,24,354,203,151,1,-9.97,-5.63,-4.52,Minnesota Vikings
550,3,Sun,27-Sep,L,Tennessee Titans,30,31,22,464,238,226,3,23,444,310,134,1,10.21,-3.79,-7.95,Minnesota Vikings
551,4,Sun,4-Oct,W,Houston Texans,31,23,24,410,248,162,,20,386,290,96,1,17.07,-8.81,-1.44,Minnesota Vikings
552,5,Sun,11-Oct,L,Seattle Seahawks,26,27,31,449,248,201,2,18,314,190,124,1,6.68,-8.96,-0.07,Minnesota Vikings
553,6,Sun,18-Oct,L,Atlanta Falcons,23,40,19,365,333,32,3,24,462,363,99,1,0.99,-20.17,-0.84,Minnesota Vikings
554,7,,,,Bye Week,,,,,,,,,,,,,,,,Minnesota Vikings
555,8,Sun,1-Nov,W,Green Bay Packers,28,22,20,324,151,173,,24,400,291,109,1,20.77,-13.95,-1.23,Minnesota Vikings
556,9,Sun,8-Nov,W,Detroit Lions,34,20,22,487,212,275,,30,421,292,129,3,22.76,-4.68,-9.45,Minnesota Vikings
557,10,Mon,16-Nov,W,Chicago Bears,19,13,19,385,286,99,2,10,149,108,41,2,-3.86,18.69,-8.08,Minnesota Vikings
558,11,Sun,22-Nov,L,Dallas Cowboys,28,31,24,430,305,125,2,24,376,196,180,1,9,-15.61,2.73,Minnesota Vikings
559,12,Sun,29-Nov,W,Carolina Panthers,28,27,26,387,291,96,3,21,374,267,107,1,0.99,-7.73,7.86,Minnesota Vikings
560,13,Sun,6-Dec,W,Jacksonville Jaguars,27,24,30,420,275,145,2,20,390,266,124,4,-2.36,4.24,3.19,Minnesota Vikings
561,14,Sun,13-Dec,L,Tampa Bay Buccaneers,14,26,27,335,173,162,1,17,303,196,107,,10.7,-18.44,-7.06,Minnesota Vikings
562,15,Sun,20-Dec,L,Chicago Bears,27,33,26,407,249,158,1,23,397,198,199,1,11.76,-14.23,-4,Minnesota Vikings
563,16,Fri,25-Dec,L,New Orleans Saints,33,52,25,364,274,90,,36,583,319,264,2,16.7,-35.03,-0.55,Minnesota Vikings
564,17,Sun,3-Jan,W,Detroit Lions,37,35,31,508,383,125,,21,417,288,129,2,27.15,-18.16,-3.69,Minnesota Vikings
